q1,q2,thresh,1,2,3,4,5,6,7,8,9,10,11,12,13,14,15,16,17,18,19,20,21,22,23,24,25,26,27,28,29,30,31,32,33,34,35,36,37,38,39,40,41,42,43,44,45,46,47,48,49,50,51,52,53,54,55,56,57,58,59,60,61,62,63,64
30,0,0.5,25,13,17,27,39,47,85,101,13,17,19,31,43,95,95,50,15,21,27,39,65,84,47,19,23,27,37,47,85,1,1,11,25,37,45,87,68,1,1,1,39,57,91,38,1,1,1,1,55,49,1,1,1,1,1,1,83,1,1,1,1,1,1,1
30,0,0.6,17,11,17,21,35,41,85,95,11,15,17,31,43,95,95,50,13,21,19,37,65,84,47,19,23,27,37,47,85,1,1,11,19,37,39,87,68,1,1,1,39,57,91,38,1,1,1,1,47,49,1,1,1,1,1,1,73,1,1,1,1,1,1,1
30,0,0.7,11,9,17,17,25,33,85,67,9,11,13,27,43,95,95,50,11,17,15,27,65,84,47,19,23,27,27,39,85,1,1,11,15,31,33,87,68,1,1,1,31,57,91,38,1,1,1,1,39,49,1,1,1,1,1,1,61,1,1,1,1,1,1,1
30,0,0.8,5,7,17,13,19,27,85,51,7,9,11,19,43,95,95,50,9,11,13,21,65,84,47,19,13,23,21,27,85,1,1,11,11,21,25,87,68,1,1,1,21,39,91,38,1,1,1,1,29,49,1,1,1,1,1,1,47,1,1,1,1,1,1,1
30,0,0.9,1,5,9,7,13,17,39,33,5,5,7,11,21,53,55,29,5,7,9,13,35,45,31,15,7,13,13,17,47,1,1,11,7,13,15,37,41,1,1,1,13,23,49,29,1,1,1,1,19,45,1,1,1,1,1,1,31,1,1,1,1,1,1,1
30,40,0.5,17,11,41,39,23,39,63,75,11,25,17,23,33,73,66,36,13,15,17,29,49,71,19,16,29,21,27,35,63,1,1,9,23,27,43,65,84,1,1,1,29,43,67,54,1,1,1,1,41,54,1,1,1,1,1,1,43,1,1,1,1,1,1,1
30,40,0.6,13,9,13,29,19,33,63,75,9,11,17,23,33,73,66,36,11,15,15,29,49,71,19,16,15,21,27,35,63,1,1,9,17,27,33,65,84,1,1,1,23,43,67,54,1,1,1,1,35,54,1,1,1,1,1,1,43,1,1,1,1,1,1,1
30,40,0.7,9,7,13,17,17,27,63,75,7,9,13,23,33,73,66,36,9,13,11,23,49,71,19,16,11,21,27,33,63,1,1,9,13,27,27,65,84,1,1,1,17,43,67,54,1,1,1,1,29,54,1,1,1,1,1,1,39,1,1,1,1,1,1,1
30,40,0.8,3,5,13,11,13,21,63,51,5,7,9,15,33,73,66,36,7,9,9,17,49,71,19,16,7,15,19,21,63,1,1,9,11,19,21,65,84,1,1,1,13,43,67,54,1,1,1,1,23,54,1,1,1,1,1,1,31,1,1,1,1,1,1,1
30,40,0.9,3,3,7,7,9,15,31,31,3,5,7,9,17,45,35,21,5,5,7,11,27,41,19,13,5,9,11,15,33,1,1,9,7,11,15,33,51,1,1,1,9,23,37,33,1,1,1,1,15,43,1,1,1,1,1,1,21,1,1,1,1,1,1,1
35,0,0.5,15,15,13,23,33,51,71,67,11,13,19,27,37,81,76,49,13,13,17,27,57,77,67,17,17,23,23,41,71,1,57,19,23,31,45,79,67,39,1,1,33,49,77,82,1,21,1,1,47,69,1,1,1,1,1,1,61,1,1,1,1,1,1,1
35,0,0.6,11,11,13,19,33,41,71,57,11,11,19,27,37,81,76,49,11,11,15,23,57,77,67,17,13,23,19,35,71,1,57,19,17,31,37,79,67,39,1,1,33,49,77,82,1,21,1,1,39,69,1,1,1,1,1,1,53,1,1,1,1,1,1,1
35,0,0.7,5,9,13,15,33,33,71,47,9,9,19,23,37,81,76,49,9,9,11,19,57,77,67,17,11,23,17,27,51,1,57,19,15,31,29,79,67,39,1,1,33,49,77,82,1,21,1,1,33,69,1,1,1,1,1,1,47,1,1,1,1,1,1,1
35,0,0.8,3,7,9,11,33,25,63,37,7,7,13,15,27,81,76,49,7,7,9,15,57,65,53,17,9,23,13,21,39,1,57,19,11,21,23,79,67,39,1,1,23,33,73,82,1,21,1,1,25,69,1,1,1,1,1,1,37,1,1,1,1,1,1,1
35,0,0.9,3,5,5,7,15,17,33,25,5,5,9,11,15,43,39,43,5,5,7,11,29,33,31,15,5,11,9,13,25,1,39,11,7,13,15,39,45,23,1,1,13,19,37,51,1,21,1,1,17,49,1,1,1,1,1,1,25,1,1,1,1,1,1,1
35,45,0.5,13,11,25,39,27,37,57,61,9,17,15,21,29,63,55,35,11,15,13,21,43,56,48,15,15,19,23,31,57,1,40,9,19,23,29,55,74,37,1,1,27,39,61,37,1,17,1,1,35,37,1,1,1,1,1,1,65,1,1,1,1,1,1,1
35,45,0.6,11,9,11,29,27,31,57,49,7,9,15,21,29,63,55,35,9,9,11,17,43,56,48,15,13,19,17,31,57,1,40,9,15,23,25,55,74,37,1,1,27,39,61,37,1,17,1,1,31,37,1,1,1,1,1,1,51,1,1,1,1,1,1,1
35,45,0.7,9,7,11,19,27,25,57,41,7,7,15,17,29,63,55,35,7,7,9,15,43,56,48,15,9,19,15,25,57,1,40,9,11,19,21,55,74,37,1,1,21,39,61,37,1,17,1,1,25,37,1,1,1,1,1,1,43,1,1,1,1,1,1,1
35,45,0.8,7,5,7,9,27,19,47,31,5,5,13,13,21,63,55,35,5,5,7,11,43,56,48,15,7,13,11,19,35,1,40,9,9,13,17,55,74,37,1,1,13,33,61,37,1,17,1,1,21,37,1,1,1,1,1,1,35,1,1,1,1,1,1,1
35,45,0.9,5,3,5,7,15,13,27,21,3,3,7,7,13,35,27,35,5,5,5,9,25,25,33,13,5,7,7,11,23,1,27,9,5,9,11,29,43,37,1,1,9,19,33,37,1,17,1,1,13,25,1,1,1,1,1,1,19,1,1,1,1,1,1,1
40,0,0.5,19,13,13,13,29,49,63,69,9,11,17,23,33,73,53,69,17,11,15,23,49,71,58,53,11,21,27,35,63,109,40,12,15,27,33,61,85,47,1,17,29,43,69,62,27,71,1,1,61,57,12,1,1,1,1,1,89,1,1,1,1,1,1,1
40,0,0.6,15,11,13,11,29,49,63,55,9,9,17,23,33,73,53,69,15,11,13,21,49,71,58,53,11,21,27,35,63,109,40,12,13,27,29,61,85,47,1,17,29,43,69,62,27,71,1,1,61,57,12,1,1,1,1,1,89,1,1,1,1,1,1,1
40,0,0.7,13,9,13,11,29,49,63,45,7,7,17,23,23,73,53,69,11,9,11,17,49,51,58,53,9,21,21,35,45,109,40,12,11,27,23,51,85,47,1,17,19,33,69,62,27,71,1,1,61,57,12,1,1,1,1,1,69,1,1,1,1,1,1,1
40,0,0.8,7,7,9,7,29,41,61,35,5,5,11,23,17,69,41,69,9,7,9,13,49,39,43,53,7,15,15,23,33,91,40,12,9,17,19,31,85,47,1,17,13,23,45,62,13,71,1,1,37,31,12,1,1,1,1,1,41,1,1,1,1,1,1,1
40,0,0.9,3,3,5,5,13,21,29,23,3,3,7,13,11,35,27,37,5,5,5,9,25,25,35,41,5,9,9,15,21,49,27,11,5,11,13,25,41,35,1,17,9,15,27,45,13,29,1,1,23,25,9,1,1,1,1,1,23,1,1,1,1,1,1,1
40,50,0.5,15,11,21,11,23,39,51,61,9,11,19,19,25,57,49,41,13,9,11,19,39,57,57,23,11,17,21,29,51,35,36,12,17,21,33,55,67,59,1,11,23,35,55,45,30,23,1,1,49,41,18,1,1,1,1,1,71,1,1,1,1,1,1,1
40,50,0.6,13,11,9,9,23,39,51,49,7,7,19,19,25,57,49,41,11,9,9,17,39,57,57,23,9,17,21,29,51,35,36,12,13,21,27,55,67,59,1,11,17,35,55,45,30,23,1,1,49,41,18,1,1,1,1,1,55,1,1,1,1,1,1,1
40,50,0.7,9,9,9,9,23,39,51,39,7,7,13,19,21,57,49,41,9,7,9,13,39,51,57,23,7,17,17,29,51,35,36,12,11,19,21,55,67,59,1,11,13,35,55,45,30,23,1,1,37,41,18,1,1,1,1,1,41,1,1,1,1,1,1,1
40,50,0.8,3,7,9,7,17,39,51,31,5,5,13,17,15,53,25,41,7,5,7,11,39,33,39,23,5,13,13,27,33,35,36,12,9,13,17,35,67,59,1,11,9,25,41,45,30,23,1,1,27,41,18,1,1,1,1,1,31,1,1,1,1,1,1,1
40,50,0.9,3,3,5,5,11,17,25,21,3,3,7,9,9,29,23,33,5,3,5,7,21,23,19,23,3,7,9,15,21,35,31,11,5,9,11,23,37,37,1,11,7,15,25,39,19,23,1,1,17,29,15,1,1,1,1,1,21,1,1,1,1,1,1,1
50,0,0.5,13,9,9,11,23,39,51,53,7,9,13,19,25,57,49,50,11,13,15,23,39,57,48,47,9,17,15,29,51,55,51,41,13,21,29,55,67,57,37,15,23,35,49,63,23,41,34,13,49,57,58,27,1,1,1,1,71,1,21,1,1,1,1,1
50,0,0.6,9,7,9,9,23,33,51,43,7,7,13,15,25,57,49,50,9,9,13,23,39,57,35,47,9,15,13,29,51,55,51,41,11,21,25,55,67,57,37,15,23,35,39,63,23,41,34,13,49,57,58,27,1,1,1,1,71,1,21,1,1,1,1,1
50,0,0.7,5,5,9,9,23,25,43,35,5,7,13,13,25,57,41,50,7,7,11,23,39,53,25,47,7,11,11,29,51,55,51,41,9,21,21,55,67,57,37,15,23,25,33,53,23,41,34,13,49,57,58,27,1,1,1,1,71,1,21,1,1,1,1,1
50,0,0.8,3,5,9,7,23,19,31,27,5,5,9,9,17,57,33,50,5,5,7,15,39,35,25,41,5,9,9,17,33,45,47,41,7,21,15,35,67,57,37,15,15,19,25,37,23,41,23,13,33,47,47,27,1,1,1,1,45,1,21,1,1,1,1,1
50,0,0.9,3,3,5,5,11,13,17,19,3,3,5,7,11,27,21,25,3,3,5,9,19,21,21,25,3,5,5,11,19,29,37,23,5,11,11,21,33,27,25,15,9,13,17,23,23,27,23,13,19,27,35,27,1,1,1,1,27,1,17,1,1,1,1,1
50,60,0.5,13,7,7,11,19,31,73,49,7,7,29,15,21,45,45,37,7,11,13,19,31,45,38,38,7,13,15,23,41,59,63,23,9,17,25,45,53,57,11,13,19,27,43,51,23,48,27,11,39,46,45,34,1,1,1,1,57,1,17,1,1,1,1,1
50,60,0.6,11,5,7,9,19,31,73,37,5,7,15,11,21,45,45,37,7,7,11,19,31,45,38,38,7,13,13,23,41,59,63,23,9,17,21,45,53,57,11,13,19,27,37,51,23,48,27,11,39,46,45,34,1,1,1,1,45,1,17,1,1,1,1,1
50,60,0.7,5,5,7,7,19,23,65,31,5,5,11,9,21,45,45,37,5,7,9,15,31,45,23,38,5,9,11,23,41,51,63,23,7,17,17,45,53,57,11,13,19,27,29,51,23,48,27,11,39,46,45,34,1,1,1,1,35,1,17,1,1,1,1,1
50,60,0.8,3,3,5,5,17,17,39,23,3,5,9,7,15,45,29,37,5,5,7,11,31,31,21,38,5,7,9,15,35,33,63,23,5,15,13,33,53,57,11,13,13,21,23,33,23,48,27,11,27,46,33,34,1,1,1,1,27,1,17,1,1,1,1,1
50,60,0.9,3,3,3,3,9,11,17,15,3,3,5,5,9,25,15,19,3,3,5,7,17,19,19,23,3,5,5,9,19,19,37,11,3,7,9,19,31,41,11,13,7,13,15,21,23,33,21,11,17,23,21,21,1,1,1,1,19,1,13,1,1,1,1,1
55,0,0.5,13,7,9,11,21,35,45,37,7,7,13,17,19,51,53,49,9,9,11,21,35,45,55,38,9,13,13,25,45,77,63,45,11,19,33,49,61,79,24,42,21,31,49,57,64,59,42,17,43,53,55,40,17,1,1,11,65,59,37,1,1,1,1,1
55,0,0.6,11,7,9,9,21,27,45,33,7,7,13,17,15,51,53,49,7,7,9,21,35,37,45,38,7,11,13,25,43,77,63,45,9,19,33,49,61,79,24,42,21,31,49,57,64,59,42,17,43,53,55,40,17,1,1,11,65,59,37,1,1,1,1,1
55,0,0.7,11,5,9,7,21,21,35,27,5,5,9,17,13,51,53,49,7,7,7,21,35,31,37,38,5,9,11,25,31,57,63,45,7,19,23,39,61,79,24,42,21,31,37,43,64,59,42,17,43,53,55,27,17,1,1,11,65,59,37,1,1,1,1,1
55,0,0.8,3,5,7,5,19,17,25,23,5,5,7,11,11,51,41,49,5,5,5,17,35,23,29,38,5,7,7,23,23,41,63,35,5,19,17,29,39,75,24,42,15,23,27,31,53,59,42,17,25,53,55,25,17,1,1,11,49,59,37,1,1,1,1,1
55,0,0.9,1,3,3,3,9,11,17,15,3,3,5,7,7,27,23,27,3,3,3,9,17,15,19,17,3,5,5,13,15,27,35,21,5,9,11,19,25,27,23,29,9,13,17,21,31,43,27,13,15,25,33,25,17,1,1,11,27,25,21,1,1,1,1,1
55,65,0.5,11,7,7,17,39,23,45,29,5,7,19,13,17,41,41,39,7,7,7,17,27,39,47,34,7,9,11,19,35,61,55,37,9,15,25,39,47,54,19,25,17,25,39,45,42,45,19,14,33,37,46,31,13,1,1,9,49,26,17,1,1,1,1,1
55,65,0.6,7,5,7,9,39,19,45,25,5,5,9,13,13,41,41,39,5,5,7,17,27,35,47,34,5,7,9,19,35,61,55,37,7,15,21,39,47,54,19,25,17,25,39,45,42,45,19,14,33,37,46,31,13,1,1,9,49,26,17,1,1,1,1,1
55,65,0.7,7,5,7,5,29,15,31,21,3,5,7,13,11,41,41,39,5,5,5,17,27,27,33,34,5,7,9,19,27,51,55,37,7,15,17,39,47,54,19,25,17,25,39,45,42,45,19,14,27,37,46,31,13,1,1,9,49,26,17,1,1,1,1,1
55,65,0.8,1,3,7,5,17,13,21,17,3,3,5,9,9,41,41,39,3,3,5,11,27,21,25,34,3,5,7,19,21,35,55,31,5,9,13,27,47,54,19,25,11,25,25,29,42,45,19,14,19,37,46,19,13,1,1,9,37,26,17,1,1,1,1,1
55,65,0.9,1,3,3,3,9,9,15,11,3,3,3,5,5,23,21,21,3,3,3,7,15,15,17,19,3,3,5,11,13,23,31,15,3,7,9,17,25,33,13,17,7,13,15,19,21,25,19,11,13,23,21,19,13,1,1,9,21,23,15,1,1,1,1,1
60,0,0.5,13,7,7,11,19,31,41,33,7,7,11,15,15,45,47,43,11,9,9,19,31,35,43,44,7,11,13,23,41,69,49,43,9,17,25,35,53,52,31,25,19,27,43,51,60,69,30,26,39,48,51,32,17,1,1,7,57,73,30,1,1,1,1,1
60,0,0.6,11,7,7,9,19,27,41,29,5,5,11,15,13,45,47,43,9,7,7,19,31,29,37,44,7,9,11,23,41,57,49,43,7,17,21,29,53,52,31,25,19,23,43,51,60,69,30,26,39,48,51,32,17,1,1,7,57,73,30,1,1,1,1,1
60,0,0.7,7,5,7,7,19,21,41,25,5,5,7,15,11,45,47,43,7,5,7,19,31,25,31,44,5,7,9,23,31,45,49,43,7,17,17,25,53,52,31,25,19,19,43,51,60,69,30,26,27,48,51,23,17,1,1,7,57,73,30,1,1,1,1,1
60,0,0.8,3,3,7,5,15,17,35,19,3,5,5,13,9,45,47,43,5,5,5,19,31,19,23,44,5,7,7,19,23,35,49,27,5,11,13,19,53,52,31,25,13,13,29,41,57,69,30,26,19,35,51,23,17,1,1,7,35,73,30,1,1,1,1,1
60,0,0.9,1,3,3,3,9,11,19,13,3,3,3,7,7,23,25,23,3,3,3,9,15,13,17,23,3,5,5,11,15,23,25,19,3,7,9,13,27,43,31,23,7,9,17,23,31,29,23,21,13,21,25,23,11,1,1,7,21,37,19,1,1,1,1,1
60,70,0.5,9,5,5,21,19,21,31,25,5,5,11,11,13,35,35,33,7,7,13,13,23,33,41,33,5,11,9,17,31,51,35,33,7,13,17,33,41,37,39,11,13,21,33,37,40,48,13,17,29,35,40,28,19,1,1,7,43,41,17,1,1,1,1,1
60,70,0.6,9,5,5,7,19,17,31,21,5,5,7,11,11,35,35,33,7,7,5,13,23,27,35,33,5,7,9,17,31,51,35,33,7,13,15,33,41,37,39,11,13,21,33,37,40,48,13,17,29,35,40,28,19,1,1,7,43,41,17,1,1,1,1,1
60,70,0.7,7,3,5,7,15,13,31,19,3,3,5,11,9,35,35,33,5,5,5,13,23,21,27,33,3,5,7,17,31,37,35,33,5,13,13,25,41,37,39,11,13,17,33,37,40,48,13,17,29,35,40,28,19,1,1,7,43,41,17,1,1,1,1,1
60,70,0.8,3,3,5,5,13,11,27,15,3,3,5,11,7,35,35,33,3,5,5,11,23,17,21,33,3,5,5,13,21,27,31,23,5,9,9,19,41,37,39,11,11,13,23,37,40,48,13,17,19,33,40,19,19,1,1,7,39,41,17,1,1,1,1,1
60,70,0.9,1,3,3,3,7,7,15,11,1,1,3,5,5,21,19,17,3,3,3,7,13,11,15,19,3,3,3,7,13,19,17,11,3,5,7,13,23,31,35,11,7,9,15,19,19,25,13,13,11,17,21,19,13,1,1,7,19,31,17,1,1,1,1,1
65,0,0.5,11,5,7,9,19,19,35,33,5,5,9,13,17,41,41,39,9,9,7,17,27,39,47,39,7,11,11,19,35,57,49,43,9,15,25,29,47,67,71,37,17,19,39,45,55,56,29,30,33,45,49,45,48,21,13,11,49,44,19,20,14,26,1,1
65,0,0.6,7,5,7,7,17,17,35,27,5,5,9,13,17,41,41,39,9,7,7,17,27,39,47,39,5,9,9,19,35,45,49,35,7,15,19,25,47,67,71,37,17,17,39,45,55,56,29,30,33,45,49,45,48,21,13,11,49,44,19,20,14,26,1,1
65,0,0.7,7,5,7,7,17,15,35,23,3,5,7,13,13,41,41,39,7,5,5,17,27,35,33,39,5,7,7,15,35,37,49,27,7,15,15,21,47,67,71,37,17,13,39,45,55,56,29,30,33,45,49,45,48,21,13,11,49,44,19,20,14,26,1,1
65,0,0.8,1,3,5,5,17,11,35,19,3,3,5,9,9,39,41,39,5,5,5,13,21,23,25,39,3,5,7,11,23,29,49,21,5,11,13,17,47,49,71,35,13,11,39,43,53,45,29,30,23,45,41,29,37,21,13,11,39,44,19,20,14,26,1,1
65,0,0.9,1,3,3,3,9,7,17,13,3,3,3,5,7,19,21,21,3,3,3,7,13,15,17,19,3,3,5,7,15,19,23,15,3,7,9,11,25,29,41,21,7,7,21,23,25,25,23,23,13,23,23,21,23,11,13,11,21,33,17,17,11,15,1,1
65,75,0.5,7,5,5,17,35,15,25,23,3,5,9,29,13,29,29,27,7,7,9,11,19,29,35,27,5,9,7,15,25,43,35,31,9,11,19,27,33,55,45,15,11,17,27,31,34,39,16,16,25,31,33,35,33,15,9,8,35,35,11,9,8,10,1,1
65,75,0.6,5,3,5,5,23,13,25,21,3,3,5,19,13,29,29,27,7,7,5,11,19,29,35,27,5,7,7,15,25,43,35,31,7,11,15,23,33,55,45,15,11,15,27,31,34,39,16,16,25,31,33,35,33,15,9,8,35,35,11,9,8,10,1,1
65,75,0.7,5,3,5,5,11,11,25,17,3,3,5,9,9,29,29,27,5,5,5,11,19,29,31,27,3,5,5,11,25,33,35,29,5,11,11,19,33,55,45,15,11,11,27,31,34,39,16,16,25,31,33,35,33,15,9,8,35,35,11,9,8,10,1,1
65,75,0.8,3,3,5,3,11,9,25,13,3,3,3,7,7,29,29,27,3,3,3,9,19,21,21,27,3,5,5,9,19,25,35,19,5,9,9,15,33,45,45,15,9,9,27,31,34,39,16,16,25,31,33,35,33,15,9,8,25,35,11,9,8,10,1,1
65,75,0.9,3,1,3,3,7,5,13,9,1,1,3,5,5,15,15,15,3,3,3,5,11,13,13,15,1,3,3,5,11,17,21,13,3,5,7,9,19,27,27,15,5,7,15,17,17,21,15,13,13,17,17,21,17,15,9,7,15,17,11,9,7,9,1,1
70,0,0.5,9,5,5,9,13,19,31,25,5,5,7,11,15,35,35,33,7,7,7,13,23,33,41,33,5,7,11,17,31,39,45,37,11,13,21,27,41,56,53,45,13,15,33,37,42,61,30,27,29,37,44,51,40,15,18,11,43,43,37,40,11,28,1,1
70,0,0.6,9,5,5,7,13,15,31,23,5,5,7,11,15,35,35,33,7,5,5,13,23,27,41,33,5,7,9,17,23,33,45,35,9,13,21,23,41,56,53,45,13,13,33,37,42,61,30,27,29,37,44,51,40,15,18,11,43,43,37,40,11,28,1,1
70,0,0.7,7,3,5,7,13,13,31,19,3,3,7,9,15,35,35,33,5,5,5,13,23,21,37,33,5,5,7,13,19,29,45,25,7,9,15,19,41,56,53,45,13,11,33,37,42,61,30,27,29,37,44,37,40,15,18,11,43,43,37,40,11,28,1,1
70,0,0.8,3,3,5,5,13,11,23,15,3,3,5,7,11,31,29,27,5,3,5,11,23,17,25,33,3,5,5,9,15,23,45,19,5,7,11,15,29,37,53,45,9,9,33,27,33,57,30,27,21,37,33,27,31,15,18,11,27,43,27,40,11,19,1,1
70,0,0.9,1,1,3,3,7,7,13,11,1,1,3,5,7,17,15,15,3,3,3,7,11,11,15,17,3,3,5,7,11,15,23,13,3,5,7,11,17,27,29,23,5,5,17,17,21,31,27,27,13,19,19,19,13,11,15,11,17,27,15,23,11,19,1,1
70,80,0.5,5,7,3,13,29,41,39,31,3,3,7,15,19,45,47,43,5,5,11,15,31,23,27,43,5,5,7,11,29,31,53,25,7,9,15,31,53,43,69,31,13,17,43,25,63,41,55,23,19,25,57,35,57,34,22,19,29,37,42,52,11,23,1,1
70,80,0.6,5,3,3,9,21,31,39,27,3,3,5,9,19,45,47,43,5,3,7,13,27,21,27,43,3,5,5,11,25,25,53,25,5,7,15,27,53,43,69,31,9,15,43,25,63,41,55,23,19,25,57,35,57,34,22,19,29,37,42,52,11,23,1,1
70,80,0.7,3,3,3,3,9,21,39,23,3,3,3,5,15,45,47,43,3,3,3,7,23,15,27,43,3,3,5,9,21,21,53,25,3,7,11,23,53,43,69,31,9,9,43,25,63,41,55,23,19,25,57,31,57,34,22,19,21,37,42,52,11,23,1,1
70,80,0.8,1,1,3,3,9,7,29,17,3,3,3,5,11,37,39,33,3,3,3,5,9,11,21,43,3,3,3,7,17,17,53,17,3,5,9,17,53,35,69,31,7,5,35,21,49,37,55,23,13,25,37,21,37,34,22,19,15,37,37,52,11,23,1,1
70,80,0.9,1,1,1,1,5,5,15,13,1,1,3,3,5,21,21,19,3,1,1,3,7,7,13,23,1,3,3,5,9,11,23,11,1,3,5,13,27,21,33,15,5,5,17,13,29,21,29,13,9,15,25,15,27,23,19,19,11,19,27,41,7,15,1,1
75,0,0.5,7,5,5,7,11,13,25,31,5,3,7,9,13,29,29,27,7,5,5,11,19,25,35,27,5,7,9,15,23,43,39,31,7,11,13,27,33,55,43,39,11,17,27,31,41,51,51,24,25,31,38,43,45,23,24,37,35,41,47,45,22,28,1,1
75,0,0.6,7,3,5,5,11,13,25,23,3,3,7,9,13,29,29,27,7,5,5,11,19,21,35,27,5,7,7,15,19,37,39,31,5,11,13,25,33,55,43,39,11,17,27,31,41,51,51,24,25,31,38,43,45,23,24,37,35,41,47,45,22,28,1,1
75,0,0.7,5,3,5,5,11,11,25,19,3,3,5,9,13,29,29,27,5,3,3,11,19,17,29,27,3,5,5,11,15,29,39,21,5,7,11,19,31,55,43,39,9,13,27,31,41,51,51,24,25,31,38,43,45,23,24,37,27,41,47,45,22,28,1,1
75,0,0.8,3,3,5,3,11,9,21,15,3,3,3,5,9,23,29,21,3,3,3,7,15,13,21,27,3,5,5,9,13,23,37,17,3,5,7,15,21,35,43,31,7,9,19,31,27,51,51,24,15,31,38,33,43,23,24,37,19,41,47,45,22,19,1,1
75,0,0.9,3,1,3,3,7,5,11,9,1,1,3,3,5,13,15,13,3,3,3,5,9,9,13,15,1,3,3,5,9,15,19,11,3,3,5,9,13,23,23,17,5,7,11,17,17,25,21,19,9,15,15,19,19,19,15,29,13,21,23,25,21,19,1,1
75,85,0.5,5,5,7,11,21,21,44,33,3,3,7,21,15,33,35,33,7,7,11,21,23,25,41,33,5,13,9,19,25,51,47,37,7,15,17,33,39,65,61,45,15,21,33,37,47,61,59,37,45,37,45,51,51,32,38,27,43,51,57,45,29,27,1,1
75,85,0.6,3,3,3,3,21,17,44,25,3,3,7,13,15,33,35,33,3,3,3,21,23,23,41,33,3,7,7,19,21,43,47,29,7,11,13,27,39,65,61,45,11,19,33,37,47,61,59,37,35,37,45,51,51,32,38,27,43,51,57,45,29,27,1,1
75,85,0.7,3,3,3,3,13,15,44,21,3,1,3,9,11,33,35,33,3,3,3,15,21,19,29,33,1,7,3,13,17,35,47,23,3,5,13,21,39,65,61,45,5,13,33,37,47,61,59,37,25,37,45,51,51,32,38,27,39,51,57,45,29,27,1,1
75,85,0.8,3,3,3,3,7,9,27,17,1,1,3,3,7,25,31,25,3,1,3,5,15,15,23,31,1,3,3,9,13,27,39,19,3,3,9,17,25,41,55,31,3,9,21,37,35,45,59,37,15,31,45,41,45,32,38,27,27,51,47,45,29,27,1,1
75,85,0.9,1,1,1,1,3,3,11,9,1,1,1,3,3,13,17,15,1,1,1,3,7,9,15,17,1,1,3,3,9,17,21,11,1,3,5,9,15,25,31,19,3,3,13,17,21,27,31,31,5,17,19,23,25,19,29,27,13,25,27,23,27,27,1,1
80,0,0.5,5,3,3,5,9,13,19,23,3,3,5,7,9,23,23,21,5,5,3,9,15,23,27,21,5,7,7,11,19,35,31,25,5,9,15,21,27,43,41,31,9,13,21,25,31,41,45,27,19,25,31,31,41,37,33,25,29,37,37,31,45,29,21,9
80,0,0.6,5,3,3,3,9,11,19,19,3,3,5,7,9,23,23,21,5,3,3,9,15,19,27,21,3,5,5,11,19,35,31,25,5,9,15,21,27,43,41,31,9,13,21,25,31,41,45,27,19,25,31,25,41,37,33,25,29,37,37,31,45,29,21,9
80,0,0.7,3,3,3,3,9,9,17,15,3,3,5,7,9,23,23,21,5,3,3,7,15,15,27,21,3,5,5,11,19,35,31,19,3,9,11,15,25,43,41,31,7,13,21,25,31,41,45,27,19,25,31,21,41,37,33,25,29,37,37,31,45,29,21,9
80,0,0.8,1,1,3,3,9,7,11,11,3,1,5,5,7,23,23,19,3,3,3,5,13,11,23,15,3,3,3,9,13,25,31,15,3,5,9,11,17,27,41,31,5,9,13,25,31,41,33,27,13,25,23,17,41,37,21,25,29,29,37,31,45,29,21,9
80,0,0.9,1,1,1,1,5,5,7,7,1,1,3,3,5,11,13,11,3,1,1,3,7,7,13,9,1,3,3,5,9,15,19,9,1,3,5,7,11,17,21,15,3,5,9,13,17,21,19,15,9,13,15,11,23,19,15,15,15,17,21,15,23,13,11,7
80,90,0.5,5,3,3,5,9,13,19,23,3,3,5,7,9,23,23,21,5,5,5,9,15,21,27,21,5,7,7,11,19,33,31,23,7,11,13,21,27,43,41,29,9,13,21,25,31,41,45,27,19,25,31,33,41,41,35,23,27,35,37,39,43,29,23,9
80,90,0.6,3,3,3,3,9,11,19,19,1,1,5,7,9,23,23,21,5,3,3,9,15,21,27,21,3,7,7,11,19,33,31,23,3,9,13,21,27,43,41,29,9,13,21,25,31,41,45,27,19,25,31,25,41,41,35,23,27,35,37,39,43,29,23,9
80,90,0.7,3,3,3,3,9,9,15,15,1,1,5,7,9,23,23,21,5,1,3,7,15,15,27,21,3,3,7,11,19,33,31,19,3,7,11,15,27,43,41,29,9,13,21,25,31,41,45,27,19,25,31,21,41,41,35,23,27,35,37,39,43,29,23,9
80,90,0.8,1,1,3,3,9,7,11,11,1,1,5,5,7,23,23,19,3,1,3,5,15,11,27,13,3,1,1,9,13,27,31,13,1,3,9,11,19,27,41,29,7,9,13,25,31,37,37,27,15,25,29,17,35,41,25,23,27,31,37,33,43,29,23,9
80,90,0.9,1,1,1,1,5,5,7,7,1,1,3,3,5,13,13,11,3,1,1,3,9,9,15,9,1,1,1,5,9,15,19,9,1,1,5,9,11,19,23,15,3,5,9,15,17,21,21,15,9,13,15,11,19,27,15,13,15,17,19,19,23,15,13,9
85,0,0.5,5,3,3,3,7,11,15,15,3,3,3,5,7,17,17,17,3,3,3,7,11,17,21,17,3,3,5,9,15,21,23,19,3,7,9,17,19,33,31,23,7,11,17,19,23,31,33,27,15,19,23,25,31,35,29,29,21,27,29,29,33,25,17,19
85,0,0.6,5,1,3,3,7,9,15,13,3,3,3,5,7,17,17,17,3,3,3,7,11,17,21,17,3,3,5,9,15,17,23,19,3,7,7,17,19,33,31,23,7,11,17,19,23,31,33,27,15,19,19,25,31,35,29,29,21,27,29,29,33,25,17,19
85,0,0.7,3,1,3,3,7,7,13,11,3,1,3,5,7,17,17,17,3,3,3,7,11,13,21,17,3,3,3,9,13,15,23,17,3,7,7,17,19,33,31,23,7,11,17,19,23,31,33,27,15,19,15,23,31,35,29,29,17,27,29,29,33,25,17,19
85,0,0.8,3,1,3,3,7,5,9,9,1,1,3,3,5,17,17,17,3,1,3,5,11,9,15,17,1,3,3,5,9,11,23,11,1,5,5,11,19,21,27,23,7,7,17,17,15,31,29,27,11,19,11,17,31,35,23,29,13,27,21,29,33,19,17,19
85,0,0.9,1,1,1,1,3,3,5,5,1,1,1,3,3,9,11,9,1,1,1,3,5,7,9,9,1,1,3,3,5,9,13,7,1,3,3,7,11,13,15,11,3,5,9,9,9,17,17,15,7,9,7,11,17,19,13,15,9,15,13,15,19,13,15,7
85,95,0.5,3,3,3,3,9,11,15,15,3,3,3,5,9,17,17,17,3,3,3,7,11,17,21,17,3,3,3,9,15,21,23,17,3,5,11,17,21,33,29,23,5,11,17,17,23,29,33,27,15,17,23,27,29,35,29,29,21,27,29,29,31,25,29,11
85,95,0.6,3,1,3,1,5,9,15,13,3,3,3,5,9,17,17,17,3,3,1,5,11,17,21,17,3,1,3,9,15,19,23,17,1,5,9,17,21,33,29,23,5,11,17,17,23,29,33,27,15,17,19,27,29,35,29,29,21,27,29,29,31,25,29,11
85,95,0.7,1,1,3,1,5,7,13,11,1,1,3,5,7,17,17,17,3,1,1,5,11,15,21,17,1,1,3,9,13,15,23,17,1,3,7,17,21,33,29,23,5,11,17,17,23,29,33,27,15,17,15,25,29,35,29,29,17,27,29,29,31,25,29,11
85,95,0.8,1,1,1,1,3,7,9,9,1,1,1,3,5,17,17,17,1,1,1,3,9,11,17,17,1,1,1,7,9,13,23,11,1,3,5,11,21,21,29,23,1,7,17,17,15,29,33,27,11,17,11,17,29,35,27,29,13,27,21,29,31,21,29,11
85,95,0.9,1,1,1,1,1,5,5,5,1,1,1,3,1,9,11,11,1,1,1,1,5,7,9,11,1,1,1,5,7,9,13,7,1,1,1,7,11,13,15,15,1,1,9,9,11,17,17,17,7,9,9,11,17,21,15,17,7,15,13,15,19,13,17,11
90,0,0.5,3,1,1,3,5,7,9,9,1,1,3,3,5,11,11,11,3,3,3,5,7,11,13,11,3,3,3,5,9,13,15,11,3,3,5,11,13,21,21,15,5,7,11,13,15,21,23,17,9,13,15,17,21,23,23,19,13,17,17,19,21,19,21,17
90,0,0.6,3,1,1,1,5,7,9,7,1,1,3,3,5,11,11,11,3,3,1,5,7,11,13,11,1,1,3,5,7,11,15,11,3,3,5,9,13,21,21,15,5,7,11,13,15,21,23,17,9,13,15,13,21,23,23,19,13,17,13,19,21,19,21,17
90,0,0.7,3,1,1,1,5,5,9,7,1,1,3,3,5,11,11,11,1,1,1,5,7,7,13,11,1,1,3,5,7,9,15,9,3,3,3,7,13,17,21,15,5,5,11,13,15,21,23,17,9,13,13,11,21,23,23,19,13,17,11,19,21,19,21,17
90,0,0.8,1,1,1,1,5,5,7,5,1,1,1,3,5,11,11,9,1,1,1,3,7,5,11,11,1,1,1,3,5,7,15,7,1,3,3,5,13,13,19,15,5,5,11,11,9,15,23,17,7,13,9,9,19,17,17,19,9,15,9,17,19,13,21,17
90,0,0.9,1,1,1,1,3,3,3,3,1,1,1,1,3,7,7,5,1,1,1,3,5,3,7,5,1,1,1,3,3,5,9,5,1,1,3,3,7,9,11,7,3,3,7,7,5,9,11,9,5,7,5,5,11,11,11,11,5,9,7,9,11,9,11,9
90,100,0.5,3,1,1,3,5,7,9,9,1,1,3,3,5,11,11,11,3,3,3,5,7,11,13,11,1,3,3,5,9,13,15,11,3,3,5,11,13,21,21,15,5,7,11,13,15,21,23,17,9,13,15,15,21,23,23,19,13,17,17,19,21,19,21,15
90,100,0.6,3,1,1,1,5,7,9,7,1,1,3,3,5,11,11,11,3,3,1,5,7,9,13,11,1,1,3,5,7,11,15,11,3,3,5,9,13,21,21,15,5,7,11,13,15,21,23,17,9,13,15,11,21,23,23,19,13,17,13,19,21,19,21,15
90,100,0.7,3,1,1,1,5,5,7,5,1,1,3,3,5,11,11,9,1,1,1,5,7,7,13,11,1,1,3,5,5,9,15,7,1,3,3,7,13,15,19,15,5,5,11,13,11,17,23,17,9,13,11,9,21,21,19,19,11,15,11,17,21,17,21,15
90,100,0.8,1,1,1,1,3,3,5,5,1,1,1,3,3,7,7,7,1,1,1,3,5,5,9,7,1,1,1,3,5,7,11,5,1,3,3,5,9,11,13,9,3,3,7,9,9,13,15,11,5,9,9,7,13,13,13,13,9,11,9,11,13,11,13,9
90,100,0.9,1,1,1,1,3,3,3,3,1,1,1,1,1,5,5,5,1,1,1,1,3,3,5,5,1,1,1,3,3,5,7,3,1,1,3,3,5,7,9,7,3,3,5,5,5,7,9,7,3,5,5,5,9,9,9,7,5,7,5,7,9,7,9,7
95,0,0.5,1,1,1,1,1,3,5,5,1,1,1,1,3,5,5,5,1,1,1,1,3,5,7,5,1,1,1,3,5,7,7,5,1,1,3,5,7,11,9,7,1,3,5,5,7,9,11,9,5,5,7,9,9,11,11,9,7,9,9,9,11,9,9,9
95,0,0.6,1,1,1,1,1,3,5,3,1,1,1,1,3,5,5,5,1,1,1,1,3,5,7,5,1,1,1,3,3,7,7,5,1,1,3,5,7,11,9,7,1,3,5,5,7,9,11,9,5,5,7,7,9,11,11,9,7,9,9,9,11,9,9,9
95,0,0.7,1,1,1,1,1,3,5,3,1,1,1,1,3,5,5,5,1,1,1,1,3,5,7,5,1,1,1,3,3,5,7,5,1,1,3,3,7,11,9,7,1,3,5,5,5,9,11,9,5,5,7,7,9,11,11,9,7,9,7,9,11,7,9,9
95,0,0.8,1,1,1,1,1,3,3,3,1,1,1,1,3,5,5,5,1,1,1,1,3,3,5,5,1,1,1,1,3,5,7,3,1,1,3,3,7,9,9,7,1,3,5,5,5,7,11,9,3,5,5,5,9,9,9,9,5,7,5,9,11,5,7,7
95,0,0.9,1,1,1,1,1,1,3,1,1,1,1,1,1,3,3,3,1,1,1,1,3,3,3,3,1,1,1,1,1,3,5,3,1,1,1,3,3,5,5,5,1,1,3,3,3,5,5,5,1,3,3,3,5,5,5,5,3,5,3,5,5,3,5,5
95,105,0.5,1,1,1,1,1,3,5,3,1,1,1,1,3,5,5,5,1,1,1,1,3,5,7,5,1,1,1,3,5,7,7,5,1,1,3,5,7,11,9,7,1,3,5,5,7,9,11,9,5,5,7,9,9,11,11,9,7,9,9,9,11,9,9,9
95,105,0.6,1,1,1,1,1,3,5,3,1,1,1,1,3,5,5,5,1,1,1,1,3,5,7,5,1,1,1,3,3,7,7,5,1,1,3,5,7,11,9,7,1,3,5,5,7,9,11,9,5,5,7,7,9,11,11,9,7,9,9,9,11,9,9,9
95,105,0.7,1,1,1,1,1,3,3,3,1,1,1,1,3,5,5,5,1,1,1,1,3,5,7,5,1,1,1,3,3,5,7,5,1,1,3,3,7,9,9,7,1,3,5,5,5,9,9,9,3,5,5,5,9,9,11,9,5,7,7,9,11,7,9,7
95,105,0.8,1,1,1,1,1,1,3,3,1,1,1,1,1,5,3,3,1,1,1,1,3,3,5,3,1,1,1,1,3,3,5,3,1,1,1,3,5,7,7,5,1,3,5,5,3,7,7,5,3,5,5,5,7,7,7,7,3,5,5,7,7,5,5,5
95,105,0.9,1,1,1,1,1,1,1,1,1,1,1,1,1,3,3,3,1,1,1,1,1,1,3,3,1,1,1,1,1,3,3,3,1,1,1,3,3,5,5,3,1,1,3,3,3,3,5,3,1,3,3,3,5,5,5,5,3,3,3,5,5,3,3,3
100,0,0.5,1,1,1,1,1,1,1,1,1,1,1,1,1,1,1,1,1,1,1,1,1,1,1,1,1,1,1,1,1,1,1,1,1,1,1,1,1,1,1,1,1,1,1,1,1,1,1,1,1,1,1,1,1,1,1,1,1,1,1,1,1,1,1,1
100,0,0.6,1,1,1,1,1,1,1,1,1,1,1,1,1,1,1,1,1,1,1,1,1,1,1,1,1,1,1,1,1,1,1,1,1,1,1,1,1,1,1,1,1,1,1,1,1,1,1,1,1,1,1,1,1,1,1,1,1,1,1,1,1,1,1,1
100,0,0.7,1,1,1,1,1,1,1,1,1,1,1,1,1,1,1,1,1,1,1,1,1,1,1,1,1,1,1,1,1,1,1,1,1,1,1,1,1,1,1,1,1,1,1,1,1,1,1,1,1,1,1,1,1,1,1,1,1,1,1,1,1,1,1,1
100,0,0.8,1,1,1,1,1,1,1,1,1,1,1,1,1,1,1,1,1,1,1,1,1,1,1,1,1,1,1,1,1,1,1,1,1,1,1,1,1,1,1,1,1,1,1,1,1,1,1,1,1,1,1,1,1,1,1,1,1,1,1,1,1,1,1,1
100,0,0.9,1,1,1,1,1,1,1,1,1,1,1,1,1,1,1,1,1,1,1,1,1,1,1,1,1,1,1,1,1,1,1,1,1,1,1,1,1,1,1,1,1,1,1,1,1,1,1,1,1,1,1,1,1,1,1,1,1,1,1,1,1,1,1,1
100,110,0.5,1,1,1,1,1,1,1,1,1,1,1,1,1,1,1,1,1,1,1,1,1,1,1,1,1,1,1,1,1,1,1,1,1,1,1,1,1,1,1,1,1,1,1,1,1,1,1,1,1,1,1,1,1,1,1,1,1,1,1,1,1,1,1,1
100,110,0.6,1,1,1,1,1,1,1,1,1,1,1,1,1,1,1,1,1,1,1,1,1,1,1,1,1,1,1,1,1,1,1,1,1,1,1,1,1,1,1,1,1,1,1,1,1,1,1,1,1,1,1,1,1,1,1,1,1,1,1,1,1,1,1,1
100,110,0.7,1,1,1,1,1,1,1,1,1,1,1,1,1,1,1,1,1,1,1,1,1,1,1,1,1,1,1,1,1,1,1,1,1,1,1,1,1,1,1,1,1,1,1,1,1,1,1,1,1,1,1,1,1,1,1,1,1,1,1,1,1,1,1,1
100,110,0.8,1,1,1,1,1,1,1,1,1,1,1,1,1,1,1,1,1,1,1,1,1,1,1,1,1,1,1,1,1,1,1,1,1,1,1,1,1,1,1,1,1,1,1,1,1,1,1,1,1,1,1,1,1,1,1,1,1,1,1,1,1,1,1,1
100,110,0.9,1,1,1,1,1,1,1,1,1,1,1,1,1,1,1,1,1,1,1,1,1,1,1,1,1,1,1,1,1,1,1,1,1,1,1,1,1,1,1,1,1,1,1,1,1,1,1,1,1,1,1,1,1,1,1,1,1,1,1,1,1,1,1,1
105,0,0.5,1,1,1,1,1,1,1,1,1,1,1,1,1,1,1,1,1,1,1,1,1,1,1,1,1,1,1,1,1,1,1,1,1,1,1,1,1,1,1,1,1,1,1,1,1,1,1,1,1,1,1,1,1,1,1,1,1,1,1,1,1,1,1,1
105,0,0.6,1,1,1,1,1,1,1,1,1,1,1,1,1,1,1,1,1,1,1,1,1,1,1,1,1,1,1,1,1,1,1,1,1,1,1,1,1,1,1,1,1,1,1,1,1,1,1,1,1,1,1,1,1,1,1,1,1,1,1,1,1,1,1,1
105,0,0.7,1,1,1,1,1,1,1,1,1,1,1,1,1,1,1,1,1,1,1,1,1,1,1,1,1,1,1,1,1,1,1,1,1,1,1,1,1,1,1,1,1,1,1,1,1,1,1,1,1,1,1,1,1,1,1,1,1,1,1,1,1,1,1,1
105,0,0.8,1,1,1,1,1,1,1,1,1,1,1,1,1,1,1,1,1,1,1,1,1,1,1,1,1,1,1,1,1,1,1,1,1,1,1,1,1,1,1,1,1,1,1,1,1,1,1,1,1,1,1,1,1,1,1,1,1,1,1,1,1,1,1,1
105,0,0.9,1,1,1,1,1,1,1,1,1,1,1,1,1,1,1,1,1,1,1,1,1,1,1,1,1,1,1,1,1,1,1,1,1,1,1,1,1,1,1,1,1,1,1,1,1,1,1,1,1,1,1,1,1,1,1,1,1,1,1,1,1,1,1,1
105,115,0.5,1,1,1,1,1,1,1,1,1,1,1,1,1,1,1,1,1,1,1,1,1,1,1,1,1,1,1,1,1,1,1,1,1,1,1,1,1,1,1,1,1,1,1,1,1,1,1,1,1,1,1,1,1,1,1,1,1,1,1,1,1,1,1,1
105,115,0.6,1,1,1,1,1,1,1,1,1,1,1,1,1,1,1,1,1,1,1,1,1,1,1,1,1,1,1,1,1,1,1,1,1,1,1,1,1,1,1,1,1,1,1,1,1,1,1,1,1,1,1,1,1,1,1,1,1,1,1,1,1,1,1,1
105,115,0.7,1,1,1,1,1,1,1,1,1,1,1,1,1,1,1,1,1,1,1,1,1,1,1,1,1,1,1,1,1,1,1,1,1,1,1,1,1,1,1,1,1,1,1,1,1,1,1,1,1,1,1,1,1,1,1,1,1,1,1,1,1,1,1,1
105,115,0.8,1,1,1,1,1,1,1,1,1,1,1,1,1,1,1,1,1,1,1,1,1,1,1,1,1,1,1,1,1,1,1,1,1,1,1,1,1,1,1,1,1,1,1,1,1,1,1,1,1,1,1,1,1,1,1,1,1,1,1,1,1,1,1,1
105,115,0.9,1,1,1,1,1,1,1,1,1,1,1,1,1,1,1,1,1,1,1,1,1,1,1,1,1,1,1,1,1,1,1,1,1,1,1,1,1,1,1,1,1,1,1,1,1,1,1,1,1,1,1,1,1,1,1,1,1,1,1,1,1,1,1,1
110,0,0.5,1,1,1,1,1,1,1,1,1,1,1,1,1,1,1,1,1,1,1,1,1,1,1,1,1,1,1,1,1,1,1,1,1,1,1,1,1,1,1,1,1,1,1,1,1,1,1,1,1,1,1,1,1,1,1,1,1,1,1,1,1,1,1,1
110,0,0.6,1,1,1,1,1,1,1,1,1,1,1,1,1,1,1,1,1,1,1,1,1,1,1,1,1,1,1,1,1,1,1,1,1,1,1,1,1,1,1,1,1,1,1,1,1,1,1,1,1,1,1,1,1,1,1,1,1,1,1,1,1,1,1,1
110,0,0.7,1,1,1,1,1,1,1,1,1,1,1,1,1,1,1,1,1,1,1,1,1,1,1,1,1,1,1,1,1,1,1,1,1,1,1,1,1,1,1,1,1,1,1,1,1,1,1,1,1,1,1,1,1,1,1,1,1,1,1,1,1,1,1,1
110,0,0.8,1,1,1,1,1,1,1,1,1,1,1,1,1,1,1,1,1,1,1,1,1,1,1,1,1,1,1,1,1,1,1,1,1,1,1,1,1,1,1,1,1,1,1,1,1,1,1,1,1,1,1,1,1,1,1,1,1,1,1,1,1,1,1,1
110,0,0.9,1,1,1,1,1,1,1,1,1,1,1,1,1,1,1,1,1,1,1,1,1,1,1,1,1,1,1,1,1,1,1,1,1,1,1,1,1,1,1,1,1,1,1,1,1,1,1,1,1,1,1,1,1,1,1,1,1,1,1,1,1,1,1,1
110,120,0.5,1,1,1,1,1,1,1,1,1,1,1,1,1,1,1,1,1,1,1,1,1,1,1,1,1,1,1,1,1,1,1,1,1,1,1,1,1,1,1,1,1,1,1,1,1,1,1,1,1,1,1,1,1,1,1,1,1,1,1,1,1,1,1,1
110,120,0.6,1,1,1,1,1,1,1,1,1,1,1,1,1,1,1,1,1,1,1,1,1,1,1,1,1,1,1,1,1,1,1,1,1,1,1,1,1,1,1,1,1,1,1,1,1,1,1,1,1,1,1,1,1,1,1,1,1,1,1,1,1,1,1,1
110,120,0.7,1,1,1,1,1,1,1,1,1,1,1,1,1,1,1,1,1,1,1,1,1,1,1,1,1,1,1,1,1,1,1,1,1,1,1,1,1,1,1,1,1,1,1,1,1,1,1,1,1,1,1,1,1,1,1,1,1,1,1,1,1,1,1,1
110,120,0.8,1,1,1,1,1,1,1,1,1,1,1,1,1,1,1,1,1,1,1,1,1,1,1,1,1,1,1,1,1,1,1,1,1,1,1,1,1,1,1,1,1,1,1,1,1,1,1,1,1,1,1,1,1,1,1,1,1,1,1,1,1,1,1,1
110,120,0.9,1,1,1,1,1,1,1,1,1,1,1,1,1,1,1,1,1,1,1,1,1,1,1,1,1,1,1,1,1,1,1,1,1,1,1,1,1,1,1,1,1,1,1,1,1,1,1,1,1,1,1,1,1,1,1,1,1,1,1,1,1,1,1,1
115,0,0.5,1,1,1,1,1,1,1,1,1,1,1,1,1,1,1,1,1,1,1,1,1,1,1,1,1,1,1,1,1,1,1,1,1,1,1,1,1,1,1,1,1,1,1,1,1,1,1,1,1,1,1,1,1,1,1,1,1,1,1,1,1,1,1,1
115,0,0.6,1,1,1,1,1,1,1,1,1,1,1,1,1,1,1,1,1,1,1,1,1,1,1,1,1,1,1,1,1,1,1,1,1,1,1,1,1,1,1,1,1,1,1,1,1,1,1,1,1,1,1,1,1,1,1,1,1,1,1,1,1,1,1,1
115,0,0.7,1,1,1,1,1,1,1,1,1,1,1,1,1,1,1,1,1,1,1,1,1,1,1,1,1,1,1,1,1,1,1,1,1,1,1,1,1,1,1,1,1,1,1,1,1,1,1,1,1,1,1,1,1,1,1,1,1,1,1,1,1,1,1,1
115,0,0.8,1,1,1,1,1,1,1,1,1,1,1,1,1,1,1,1,1,1,1,1,1,1,1,1,1,1,1,1,1,1,1,1,1,1,1,1,1,1,1,1,1,1,1,1,1,1,1,1,1,1,1,1,1,1,1,1,1,1,1,1,1,1,1,1
115,0,0.9,1,1,1,1,1,1,1,1,1,1,1,1,1,1,1,1,1,1,1,1,1,1,1,1,1,1,1,1,1,1,1,1,1,1,1,1,1,1,1,1,1,1,1,1,1,1,1,1,1,1,1,1,1,1,1,1,1,1,1,1,1,1,1,1
115,125,0.5,1,1,1,1,1,1,1,1,1,1,1,1,1,1,1,1,1,1,1,1,1,1,1,1,1,1,1,1,1,1,1,1,1,1,1,1,1,1,1,1,1,1,1,1,1,1,1,1,1,1,1,1,1,1,1,1,1,1,1,1,1,1,1,1
115,125,0.6,1,1,1,1,1,1,1,1,1,1,1,1,1,1,1,1,1,1,1,1,1,1,1,1,1,1,1,1,1,1,1,1,1,1,1,1,1,1,1,1,1,1,1,1,1,1,1,1,1,1,1,1,1,1,1,1,1,1,1,1,1,1,1,1
115,125,0.7,1,1,1,1,1,1,1,1,1,1,1,1,1,1,1,1,1,1,1,1,1,1,1,1,1,1,1,1,1,1,1,1,1,1,1,1,1,1,1,1,1,1,1,1,1,1,1,1,1,1,1,1,1,1,1,1,1,1,1,1,1,1,1,1
115,125,0.8,1,1,1,1,1,1,1,1,1,1,1,1,1,1,1,1,1,1,1,1,1,1,1,1,1,1,1,1,1,1,1,1,1,1,1,1,1,1,1,1,1,1,1,1,1,1,1,1,1,1,1,1,1,1,1,1,1,1,1,1,1,1,1,1
115,125,0.9,1,1,1,1,1,1,1,1,1,1,1,1,1,1,1,1,1,1,1,1,1,1,1,1,1,1,1,1,1,1,1,1,1,1,1,1,1,1,1,1,1,1,1,1,1,1,1,1,1,1,1,1,1,1,1,1,1,1,1,1,1,1,1,1
120,0,0.5,1,1,1,1,1,1,1,1,1,1,1,1,1,1,1,1,1,1,1,1,1,1,1,1,1,1,1,1,1,1,1,1,1,1,1,1,1,1,1,1,1,1,1,1,1,1,1,1,1,1,1,1,1,1,1,1,1,1,1,1,1,1,1,1
120,0,0.6,1,1,1,1,1,1,1,1,1,1,1,1,1,1,1,1,1,1,1,1,1,1,1,1,1,1,1,1,1,1,1,1,1,1,1,1,1,1,1,1,1,1,1,1,1,1,1,1,1,1,1,1,1,1,1,1,1,1,1,1,1,1,1,1
120,0,0.7,1,1,1,1,1,1,1,1,1,1,1,1,1,1,1,1,1,1,1,1,1,1,1,1,1,1,1,1,1,1,1,1,1,1,1,1,1,1,1,1,1,1,1,1,1,1,1,1,1,1,1,1,1,1,1,1,1,1,1,1,1,1,1,1
120,0,0.8,1,1,1,1,1,1,1,1,1,1,1,1,1,1,1,1,1,1,1,1,1,1,1,1,1,1,1,1,1,1,1,1,1,1,1,1,1,1,1,1,1,1,1,1,1,1,1,1,1,1,1,1,1,1,1,1,1,1,1,1,1,1,1,1
120,0,0.9,1,1,1,1,1,1,1,1,1,1,1,1,1,1,1,1,1,1,1,1,1,1,1,1,1,1,1,1,1,1,1,1,1,1,1,1,1,1,1,1,1,1,1,1,1,1,1,1,1,1,1,1,1,1,1,1,1,1,1,1,1,1,1,1
120,130,0.5,1,1,1,1,1,1,1,1,1,1,1,1,1,1,1,1,1,1,1,1,1,1,1,1,1,1,1,1,1,1,1,1,1,1,1,1,1,1,1,1,1,1,1,1,1,1,1,1,1,1,1,1,1,1,1,1,1,1,1,1,1,1,1,1
120,130,0.6,1,1,1,1,1,1,1,1,1,1,1,1,1,1,1,1,1,1,1,1,1,1,1,1,1,1,1,1,1,1,1,1,1,1,1,1,1,1,1,1,1,1,1,1,1,1,1,1,1,1,1,1,1,1,1,1,1,1,1,1,1,1,1,1
120,130,0.7,1,1,1,1,1,1,1,1,1,1,1,1,1,1,1,1,1,1,1,1,1,1,1,1,1,1,1,1,1,1,1,1,1,1,1,1,1,1,1,1,1,1,1,1,1,1,1,1,1,1,1,1,1,1,1,1,1,1,1,1,1,1,1,1
120,130,0.8,1,1,1,1,1,1,1,1,1,1,1,1,1,1,1,1,1,1,1,1,1,1,1,1,1,1,1,1,1,1,1,1,1,1,1,1,1,1,1,1,1,1,1,1,1,1,1,1,1,1,1,1,1,1,1,1,1,1,1,1,1,1,1,1
120,130,0.9,1,1,1,1,1,1,1,1,1,1,1,1,1,1,1,1,1,1,1,1,1,1,1,1,1,1,1,1,1,1,1,1,1,1,1,1,1,1,1,1,1,1,1,1,1,1,1,1,1,1,1,1,1,1,1,1,1,1,1,1,1,1,1,1
125,0,0.5,1,1,1,1,1,1,1,1,1,1,1,1,1,1,1,1,1,1,1,1,1,1,1,1,1,1,1,1,1,1,1,1,1,1,1,1,1,1,1,1,1,1,1,1,1,1,1,1,1,1,1,1,1,1,1,1,1,1,1,1,1,1,1,1
125,0,0.6,1,1,1,1,1,1,1,1,1,1,1,1,1,1,1,1,1,1,1,1,1,1,1,1,1,1,1,1,1,1,1,1,1,1,1,1,1,1,1,1,1,1,1,1,1,1,1,1,1,1,1,1,1,1,1,1,1,1,1,1,1,1,1,1
125,0,0.7,1,1,1,1,1,1,1,1,1,1,1,1,1,1,1,1,1,1,1,1,1,1,1,1,1,1,1,1,1,1,1,1,1,1,1,1,1,1,1,1,1,1,1,1,1,1,1,1,1,1,1,1,1,1,1,1,1,1,1,1,1,1,1,1
125,0,0.8,1,1,1,1,1,1,1,1,1,1,1,1,1,1,1,1,1,1,1,1,1,1,1,1,1,1,1,1,1,1,1,1,1,1,1,1,1,1,1,1,1,1,1,1,1,1,1,1,1,1,1,1,1,1,1,1,1,1,1,1,1,1,1,1
125,0,0.9,1,1,1,1,1,1,1,1,1,1,1,1,1,1,1,1,1,1,1,1,1,1,1,1,1,1,1,1,1,1,1,1,1,1,1,1,1,1,1,1,1,1,1,1,1,1,1,1,1,1,1,1,1,1,1,1,1,1,1,1,1,1,1,1
125,135,0.5,1,1,1,1,1,1,1,1,1,1,1,1,1,1,1,1,1,1,1,1,1,1,1,1,1,1,1,1,1,1,1,1,1,1,1,1,1,1,1,1,1,1,1,1,1,1,1,1,1,1,1,1,1,1,1,1,1,1,1,1,1,1,1,1
125,135,0.6,1,1,1,1,1,1,1,1,1,1,1,1,1,1,1,1,1,1,1,1,1,1,1,1,1,1,1,1,1,1,1,1,1,1,1,1,1,1,1,1,1,1,1,1,1,1,1,1,1,1,1,1,1,1,1,1,1,1,1,1,1,1,1,1
125,135,0.7,1,1,1,1,1,1,1,1,1,1,1,1,1,1,1,1,1,1,1,1,1,1,1,1,1,1,1,1,1,1,1,1,1,1,1,1,1,1,1,1,1,1,1,1,1,1,1,1,1,1,1,1,1,1,1,1,1,1,1,1,1,1,1,1
125,135,0.8,1,1,1,1,1,1,1,1,1,1,1,1,1,1,1,1,1,1,1,1,1,1,1,1,1,1,1,1,1,1,1,1,1,1,1,1,1,1,1,1,1,1,1,1,1,1,1,1,1,1,1,1,1,1,1,1,1,1,1,1,1,1,1,1
125,135,0.9,1,1,1,1,1,1,1,1,1,1,1,1,1,1,1,1,1,1,1,1,1,1,1,1,1,1,1,1,1,1,1,1,1,1,1,1,1,1,1,1,1,1,1,1,1,1,1,1,1,1,1,1,1,1,1,1,1,1,1,1,1,1,1,1
